ID,Vorname,Patronym,Nachname,Datierung gregorianisch,Jahresdatierung gregorianisch,Datierung juedisch,Monatsname,Text,URL,ID_Epidat,X_Koordinate,Y_Koordinate
1,…,bat,Jizchak,,-,,,,http://www.steinheim-institut.de:80/cgi-bin/epidat?id=mz1-2001,mz1-2001,3446264.106,5541207.701
2,Schlomo,ben,Jerachmiel,1204-09-06,1204,4965,Tischri,"
      
      Grab des Herrn Schlomo,
      
      Sohn des Herrn Jerachmiel,
      
      welcher verschied (am) 10. im Tischri
      
      im (Jahr) 965 der Zählung.
      
      Sein Ruhen (sei) Eden
      
      
     ",http://www.steinheim-institut.de:80/cgi-bin/epidat?id=mz1-2002,mz1-2002,3446292.594,5541247.426
3,Chakim Hakohen,ben, Meir,1206-10,1206,4967,Marcheschvan,"
      
      Grab
      
      des Chakim Hakohen,
      
      des Knaben, Sohn des Meir,
      
      welcher verschied im Marcheschvan
      
      im (Jahr) 967 der Zählung.
      
      Sein Ruhen (sei) Eden
      
      
     ",http://www.steinheim-institut.de:80/cgi-bin/epidat?id=mz1-2003,mz1-2003,3446266.666,5541206.634
4,Channa,bat,David Hakohen,1216-05,1216,4976,Sivan,"
      
      Grab der Frau
      
      Channa, Tochter des Herrn David
      
      Hakohen, welche verschied
      
      im Sivan im (Jahr) 976
      
      der Zählung. Ihr Ruhen (sei) Eden
      
      
     ",http://www.steinheim-institut.de:80/cgi-bin/epidat?id=mz1-2004,mz1-2004,3446294.094,5541246.12
5,Rachel,bat,Awraham Hakohen,1215,1215,4975,976 der Zählung,"
      
      Dies ist
      
      die Grabstelle der Frau
      
      Rachel, der Jungfrau, Tochter des Herrn
      
      Awraham Hakohen,
      
      welche verschied im (Jahr) 976
      
      der Zählung. Ihr Ruhen (sei) Eden
      
      
     ",http://www.steinheim-institut.de:80/cgi-bin/epidat?id=mz1-2005,mz1-2005,3446288.36,5541249.422
6,Rachel ,bat,Jizchak,1217-02,1217,4977,Adar,"
      
      Grab der Frau
      
      Rachel, Tochter des Herrn Jizchak,
      
      welche verschied im Adar
      
      im (Jahr) 977 der Zählung.
      
      Ihre Ruhestatt ...
      
      
     ",http://www.steinheim-institut.de:80/cgi-bin/epidat?id=mz1-2006,mz1-2006,3446287.546,5541226.012
7,Schmuel,ben,Jizchak,1217-09,1217,4977,Tischri,"
      
      #.:Dies ist das Grab-
      
      mal des#.; toragelehrten
      
      Schmuel, Sohn des Rabbiners,
      
      Herrn Jizchak, welcher verschied
      
      im Monat Tischri
      
      im (Jahr) 978 der Zählung.
      
      
     ",http://www.steinheim-institut.de:80/cgi-bin/epidat?id=mz1-2007,mz1-2007,3446274.703,5541200.743
8,Belet,bat,Awraham,1219-05,1219,4979,Sivan,"
      
      Dieser
      
      Stein wurde errichtet
      
      zu Häupten der Frau Belet?,
      
      Tochter des Herrn Awraham, welche verschied
      
      im Sivan im (Jahr) 979 der Zählung.
      
      Ihre Ruhestatt (sei) im Garten Eden
      
      
     ",http://www.steinheim-institut.de:80/cgi-bin/epidat?id=mz1-2008,mz1-2008,3446272.833,5541191.453
9,Ester,bat,Reuwen,1219-06,1219,4979,Tammus,"
      
      Diese
      
      Stele wurde errichtet
      
      zu Häupten der Frau Ester,
      
      Tochter des Herrn Reuwen,
      
      welche verschied im Tammus
      
      im (Jahr) 979 der Zählung ...
      
      
     ",http://www.steinheim-institut.de:80/cgi-bin/epidat?id=mz1-2009,mz1-2009,3446279.665,5541257.331
10,June,bat,David,1219-07,1219,4979,Awim,"
      
      Grabstätte
      
      der Frau June,
      
      der Jungfrau, Tochter des Herrn
      
      David, welche verschied
      
      im Aw im (Jahr) 979
      
      der Zählung. Ihr Ruhen
      
      (sei) im Garten Eden
      
      
     ",http://www.steinheim-institut.de:80/cgi-bin/epidat?id=mz1-2010,mz1-2010,3446266.517,5541191.019
11,Baruch,ben,Schmuel,1221-04,1221,4981,Ijar,"
      
      Dieser
      
      Stein wurde errichtet
      
      zu Häupten des Herrn Baruch,
      
      Sohn des Herrn Schmuel,
      
      welcher verschied im Ijar
      
      im (Jahr) 981 der Zählung.
      
      Seine Seele eingebunden im Garten
      
      Eden
      
      
     ",http://www.steinheim-institut.de:80/cgi-bin/epidat?id=mz1-2011,mz1-2011,3446260.975,5541190.204
12,Josef,ben,,1222-05,1222,4982,Sivan,"
      
      Grab des Herrn Josef,
      
      des Junggesellen, Sohn des Herrn Jechiel,
      
      der Liebenswürdige, welcher verschied im Sivan
      
      im (Jahr) 982 der Zählung.
      
      Seine Ruhestatt (sei) in Eden
      
      
     ",http://www.steinheim-institut.de:80/cgi-bin/epidat?id=mz1-2012,mz1-2012,3446292.966,5541241.433
13,Riwka,bat,Mosche Hakohen,1222-06,1222,4982,Tammus,"
      
      ...
      
      Riwka, die Jungfrau,
      
      Tochter des Herrn Mosche Hakohen,
      
      des Vorsängers, welche verschied
      
      im Tammus 9-
      
      82 der Zählung. Ihr Ruhen
      
      (sei) Eden
      
      
     ",http://www.steinheim-institut.de:80/cgi-bin/epidat?id=mz1-2013,mz1-2013,3446268.099,5541207.614
14,Elischewa,bat,Josef,1223-06,1223,4983,Aw,"
      
      #.:Zeuge
      
      dieser Hügel#.; 
      
      und #.:Zeugin diese Stele#.; 
      
      zu Häupten der Frau
      
      Elischewa, Tochter des Herrn Josef,
      
      welche verschied im Aw
      
      im (Jahr) 983 der Zählung.
      
      Ihre Ruhestatt (sei) Eden
      
      
     ",http://www.steinheim-institut.de:80/cgi-bin/epidat?id=mz1-2014,mz1-2014,3446296.236,5541245.435
15,Jaakow,ben,Mosche Hakohen,1224-01-13,1224,4984,Schwat,"
      
      Zeichen des Herrn Jaakow,
      
      des Junggesellen, Sohn des Herrn Mosche
      
      Hakohen, des Vorsängers, welcher verschied
      
      20. Schwat im (Jahr) 984
      
      der Zählung. Sein Ruhen
      
      (sei) Eden ...
      
      
     ",http://www.steinheim-institut.de:80/cgi-bin/epidat?id=mz1-2015,mz1-2015,3446273.284,5541215.428
16,Chiskija,ben,Menachem,1226-09,1226,4986,Tischri,"
      
      Der Knabe Chiskija,
      
      Sohn des Herrn Menachem,
      
      welcher verschied im Tischri
      
      im (Jahr) 987
      
      der Zählung. Sein Ruhen (sei) Eden
      
      
     ",http://www.steinheim-institut.de:80/cgi-bin/epidat?id=mz1-2016,mz1-2016,3446294.898,5541242.364
17,Menachem,ben,Josef,1227-11-20,1227,4987,Kislev,"
      
      Zeichen zu Häupten
      
      des Herrn Menachem, Sohn des Herrn Josef,
      
      welcher ermordet wurde am Ausgang des Ruhe-
      
      (tages), 10. im Kislev
      
      im (Jahr) 988 der Zählung.
      
      Seine Seele (sei) im Garten Eden
      
      
     ",http://www.steinheim-institut.de:80/cgi-bin/epidat?id=mz1-2017,mz1-2017,3446273.5,5541197.641
18,Jizchak,ben,Jeremija,1231-02,1231,4991,Adar,"
      
      Dieser Stein
      
      wurde errichtet zu Häupten des
      
      Herrn Jizchak, Sohn des Herrn Jeremija,
      
      welcher verschied im Adar im (Jahr)
      
      991 der Zählung.
      
      Es ruhe seine Seele
      
      im Garten Eden
      
      
     ",http://www.steinheim-institut.de:80/cgi-bin/epidat?id=mz1-2018,mz1-2018,3446249.237,5541201.918
19,Richenze,bat,Jaakow,1249-04-15,1249,5009,Ijar,"
      
      Dies ist Grabstätte
      
      der Frau Richenze,
      
      der Jungfrau, Tochter des Herrn
      
      Jaakow, welche verschied
      
      1. im Ijar 9
      
      ...
      
      
     ",http://www.steinheim-institut.de:80/cgi-bin/epidat?id=mz1-2019,mz1-2019,3446251.636,5541210.304
20,David,ben,Josef,1250-03-13,1250,5010,Nissan,"
      
      ...
      
      Stele zu Häupten des
      
      David, Sohn des Josef, welcher verschied
      
      im Monat Nissan, am 9., 10
      
      der Zählung. Und seine Seele
      
      sei eingebunden in das Bündel
      
      des Lebens, Amen Amen Amen
      
      Sela
      
      
     ",http://www.steinheim-institut.de:80/cgi-bin/epidat?id=mz1-2020,mz1-2020,3446253.711,5541221.361
21,Eljakim,ben,Pessach,1251-11-07,1251,5011,Marcheschvan,"
      
      Das Grab des
      
      Herrn Eljakim, Sohn des Herrn
      
      Pessach, der verschieden ist 21.
      
      im Marcheschvan des Jahres 12
      
      der Zählung des sechsten Jahrtausends.
      
      Seine Seele sei eingebunden in das Bündel des Lebens. Seine Ruhestatt (sei) im Garten
      
      Eden, Amen und Amen Sela
      
      
     ",http://www.steinheim-institut.de:80/cgi-bin/epidat?id=mz1-2021,mz1-2021,3446272.791,5541194.399
22,Schemarja,ben,Chakim Hakohen,1252-02,1252,5012,Adar,"
      
      #.:Dies ist das Grab-
      
      mal#.; des Herrn
      
      Schemarja, Sohn des Herrn Chakim
      
      Hakohen, welcher erschlagen wurde unter
      
      dem Dach seines Hauses in diesem Adar,
      
      12 der Zählung des sechsten
      
      Jahrtausends, #.:ohne Feindschaft#.;.
      
      Seine Seele sei eingebunden in das Bündel des Lebens
      
      
     ",http://www.steinheim-institut.de:80/cgi-bin/epidat?id=mz1-2022,mz1-2022,3446267.228,5541256.541
23,Jehuda,ben,Ascher Halevi,1259-04,1259,5019,Ijar,"
      
      Dieser
      
      Stein wurde errichtet
      
      zu Häupten des toragelehrten Herrn
      
      Jehuda, Sohn des Herrn Ascher (?)
      
      Halevi, der verschieden ist im Monat
      
      Ijar im Jahr 19
      
      der Zählung des sechsten
      
      Jahrtausends. Seine Seele sei eingebunden in das Bündel des Lebens
      
      
     ",http://www.steinheim-institut.de:80/cgi-bin/epidat?id=mz1-2023,mz1-2023,3446279.182,5541215.256
24,Mina,bat,Meir,1259-12,1259,5019,Tewet,"
      
      Dies ist die Stele
      
      zu Häupten der Frau Mina,
      
      Tochter des Rabbiners, Herrn Meir,
      
      die verschieden ist im Tewet
      
      des Jahres 20 der Zählung
      
      des sechsten Jahrtausends.
      
      Ihre Seele sei eingebunden in das Bündel des Lebens, Amen
      
      
     ",http://www.steinheim-institut.de:80/cgi-bin/epidat?id=mz1-2024,mz1-2024,3446281.237,5541213.611
25,Baruch,ben,Jehuda,1260-07-12,1260,5020,Aw,"
      
      Dies ist das Grab des Baruch,
      
      des Knaben, Sohn des toragelehrten Herrn
      
      Jehuda, welcher verschied 3.
      
      im Aw, Tag 2, des Jahres
      
      20 der Zählung des sechsten Jahrtausends.
      
      Seine Seele (sei) in Eden, Amen und Amen
      
      Sela
      
      
     ",http://www.steinheim-institut.de:80/cgi-bin/epidat?id=mz1-2025,mz1-2025,3446285.634,5541222.843
26,Jizchak,ben,Schmuel,1260,1260,5020,Jahr 21 des sechsten Jahrtausends der Zählung ,"
      
      Dieser
      
      Stein wurde errichtet
      
      zum Andenken an die Seele
      
      des Herrn Jizchak, des Betagten, Sohn des Herrn
      
      Schmuel, welcher verschied
      
      im Jahr 21 des sechsten Jahrtausends der Zählung.
      
      ... Seine Ruhestatt (sei)
      
      Eden
      
      
     ",http://www.steinheim-institut.de:80/cgi-bin/epidat?id=mz1-2026,mz1-2026,3446271.878,5541244.993
27,Jutta,bat,Pessach Halevi,1261,1261,5021,Schwat,"
      
      Dieser Stein wurde errichtet
      
      zu Häupten der Frau Jutta,
      
      Tochter des Herrn Pessach Halevi, welche verschied
      
      im Schwat des Jahres 22 der Zählung
      
      des sechsten Jahrtausends. Ihre Seele sei eingebunden in das Bündel des Lebens,
      
      Amen Amen Amen
      
      Sela
      
      
     ",http://www.steinheim-institut.de:80/cgi-bin/epidat?id=mz1-2027,mz1-2027,3446289.395,5541239.862
28,Jehuda,ben,Owadja,1263-11,1263,5023,Kislev,"
      
      Dieser
      
      Stein wurde errichtet
      
      zu Häupten des Herrn Jehuda,
      
      Sohn des Herrn Owadja, welcher verschied
      
      im Monat Kislev des Jahres
      
      24 der Zählung des sechsten
      
      Jahrtausends. Seine Seele sei eingebunden in das Bündel des Lebens,
      
      Amen Amen Amen Sela
      
      
     ",http://www.steinheim-institut.de:80/cgi-bin/epidat?id=mz1-2028,mz1-2028,3446276.99,5541258.137
29,Ester,bat,Jeremija,1266-09-27,1266,5026,Tischri,"
      
      #.:Dieser Stein,
      
      welchen ich setzte (als)
      
      Stele#.;, wurde errichtet
      
      zu Häupten der Frau Ester,
      
      Tochter des Herrn Jeremija, welche verschied
      
      im Monat 26. im Tischri, 27
      
      der Zählung - ihre Ruhestatt (sei) im Garten Eden -
      
      des sechsten Jahrtausends
      
      
     ",http://www.steinheim-institut.de:80/cgi-bin/epidat?id=mz1-2029,mz1-2029,3446290.548,5541247.421
30,Mosche,ben,Schneor,1267-06-07,1267,5027,Sivan,"
      
      Dieses Zeichen
      
      zu Häupten des
      
      des Junggesellen, Herrn Mosche,
      
      Sohn des Herrn Schneor,
      
      welcher verschied 12. im Monat
      
      Sivan des Jahres 27
      
      der Zählung des sechsten
      
      Jahrtausends. Seine (Seele sei eingebunden in das Bündel des Lebens)
      
      
     ",http://www.steinheim-institut.de:80/cgi-bin/epidat?id=mz1-2030,mz1-2030,3446275.157,5541228.853
31,Mirjam,bat,Meir,1268-01,1268,5028,Schwat,"
      
      Dieser Stein
      
      wurde errichtet zu Häupten
      
      der Frau Mirjam, Tochter des Herrn
      
      Meir, welche verschied
      
      im Schwat 28 der Zählung
      
      des sechsten Jahrtausends.
      
      Ihre Seele sei eingebunden in das Bündel des Lebens, Amen Sela
      
      
     ",http://www.steinheim-institut.de:80/cgi-bin/epidat?id=mz1-2031,mz1-2031,3446264.065,5541209.191
32,Meir,ben,Jizchak Halevi,1268-12-09,1268,5028,Tewet,"
      
      Hier ist ein guter
      
      Junggeselle ...
      
      war Herr Meir, Sohn des Herrn
      
      Jizchak Halevi, welcher verschied
      
      (am) 3. im Tewet im Jahr
      
      29 des sechsten Jahrtausends ...
      
      ... Amen und Amen Sela
      
      
     ",http://www.steinheim-institut.de:80/cgi-bin/epidat?id=mz1-2032,mz1-2032,3446264.337,5541226.44
33,Jentil,bat,Pessach,1269-09-23,1269,5029,Tischri,"
      
      #.:Dies
      
      ist das Grabmal der#.; 
      
      Frau Jentil, Tochter des Herrn
      
      Pessach, welche verschied
      
      im Tischri, 26.
      
      desselben, 30 der Zählung.
      
      ...
      
      
     ",http://www.steinheim-institut.de:80/cgi-bin/epidat?id=mz1-2033,mz1-2033,3446282.719,5541237.48
34,Ester,bat,Josef,1269-11-16,1269,5029,Kislev,"
      
      Dieser
      
      Stein wurde errichtet
      
      zu Häupten der Frau Ester,
      
      Tochter des Herrn Josef, welche verschied
      
      20. Kislev 30 der Zählung
      
      des sechsten Jahrtausends. Es sei
      
      ihre Seele im Garten Eden,
      
      Amen Amen Amen Sela
      
      
     ",http://www.steinheim-institut.de:80/cgi-bin/epidat?id=mz1-2034,mz1-2034,3446287.571,5541220.392
35,Awigail,bat,Josef,1272-01-17,1272,5032,Schwat,"
      
      Dieser Stein
      
      wurde errichtet zu Häupten
      
      der Frau Awigail,
      
      Tochter des Herrn Josef, welche verschied
      
      14. im Schwat 32
      
      im sechsten Jahrtausend.
      
      Ihre Ruhestatt (sei) im Garten Eden
      
      
     ",http://www.steinheim-institut.de:80/cgi-bin/epidat?id=mz1-2035,mz1-2035,3446260.254,5541193.82
36,Jente,bat,Alexandri,1272-07-03,1272,5032,Aw,"
      
      Diese Stele
      
      wurde errichtet zu Häupten
      
      der Frau Jente, Tochter des Herrn
      
      Alexandri,
      
      die verschieden ist am 5. im Aw
      
      Tag 2, des Jahres 32
      
      
     ",http://www.steinheim-institut.de:80/cgi-bin/epidat?id=mz1-2036,mz1-2036,3446248.393,5541226.018
37,Mosche,ben,David,1278-11-25,1278,5038,Kislev,"
      
      Dieses Zeichen
      
      wurde errichtet zu Häupten von
      
      Mosche, Sohn des Herrn David,
      
      dem Bräutigam, welcher verschied (am) 8.
      
      im Kislev, Tag 6, 39
      
      des sechsten Jahrtausends. Seine Ruhestatt
      
      sei im Garten Eden, Amen Sela
      
      
     ",http://www.steinheim-institut.de:80/cgi-bin/epidat?id=mz1-2037,mz1-2037,3446246.904,5541239.637
38,Schlomo,ben,Gerschon,1282-05,1282,5042,Sivan,"
      
      Dieses Zeichen
      
      wurde errichtet zu Häupten
      
      des Herrn Schlomo,
      
      Sohn des Herrn Gerschon, des Junggesellen,
      
      welcher verschied im Sivan des Jahres
      
      42 des sechsten Jahrtausends.
      
      Seine Seele sei eingebunden in das Bündel des Lebens, seine Ruhestatt (sei) im Garten Eden,
      
      Amen Amen Sela
      
      
     ",http://www.steinheim-institut.de:80/cgi-bin/epidat?id=mz1-2038,mz1-2038,3446263.708,5541220.041
39,Madrone,bat,Schlomo,1283-01,1283,5043,Adar,"
      
      Diese Stele
      
      wurde errichtet zu Häupten der Frau
      
      Madrone, der Betagten, Tochter des Herrn
      
      Schlomo, welche verschied im Adar
      
      Eins des Jahres 43 des sechstens
      
      Jahrtausends. Es sei ihre Seele
      
      eingebunden in das Bündel des Lebens
      
      
     ",http://www.steinheim-institut.de:80/cgi-bin/epidat?id=mz1-2039,mz1-2039,3446255.881,5541219.863
40,Rachel,bat,Baruch,1286-03-24,1286,5046,Adar,"
      
      #.:Zeuge dieser
      
      Hügel und Zeugin diese Stele#.;,
      
      errichtet zu Häupten der Frau
      
      Rachel, Tochter des Herrn Baruch, welche verschied
      
      im zweiten Adar, am sechs-
      
      undzwanzigsten Tage, im (Jahr) 46 der Zählung
      
      des sechsten Jahrtausends. Es sei
      
      die Seele eingebunden im Garten
      
      Eden, Amen und Amen Sela
      
      
     ",http://www.steinheim-institut.de:80/cgi-bin/epidat?id=mz1-2040,mz1-2040,3446272.391,5541260.114
41,Meir,ben,Baruch Halevi,1285,1285,5045,keine Angabe,"
      
      Zeichen
      
      des Herrn Meir, Sohn des Herrn Baruch (?)
      
      Halevi, der verschieden ist 46 der Zählung
      
      des sechsten Jahrtausends. Seine Seele sei eingebunden in das Bündel des Lebens,
      
      seine Ruhestatt (sei) im Garten Eden,
      
      Amen und Amen Sela
      
      
     ",http://www.steinheim-institut.de:80/cgi-bin/epidat?id=mz1-2041,mz1-2041,3446263.183,5541205.414
42,Meschullam,ben,Josef,1291-10-02,1291,5051,Marcheschvan,"
      
      Dies ist das Grab
      
      des Herrn Meschullam, Sohn des Herrn
      
      Josef, welcher verschied am 7.
      
      im Marcheschvan des Jahres
      
      52 der Zählung des sechsten
      
      Jahrtausends. Seine Ruhestatt (sei)
      
      im Garten Eden, Amen und Amen
      
      Sela
      
      
     ",http://www.steinheim-institut.de:80/cgi-bin/epidat?id=mz1-2042,mz1-2042,3446250.043,5541227.399
43,Awraham,ben,Jizchak,1292-02-22,1292,5052,Adar,"
      
      Dies ist das Grab des Herrn Awraham,
      
      Sohn des Herrn Jizchak, welcher verschied
      
      am 3. WeAdar, Tag 6, 52
      
      der Zählung des sechsten Jahrtausends.
      
      Seine Seele sei eingebunden in das Bündel des Lebens, er ruhe im Garten Eden,
      
      Amen und Amen Sela
      
      
     ",http://www.steinheim-institut.de:80/cgi-bin/epidat?id=mz1-2043,mz1-2043,3446254.209,5541248.397
44,Channa,bat,Asriel Halevi,1294-07-23,1294,5054,Tammus,"
      
      Dies ist Grabstätte der Würdigen,
      
      Frau Channa, Tochter des Betagen, Herrn
      
      Asriel Halevi, der verschied
      
      (am) 27. im Tammus, Tag 6, des Jahres
      
      54 (?) der Zählung des sechsten
      
      Jahrtausends. Ihre Ruhestatt (sei) im Garten
      
      Eden, Amen und Amen Sela
      
      
     ",http://www.steinheim-institut.de:80/cgi-bin/epidat?id=mz1-2044,mz1-2044,3446252.405,5541230.388
45,Jutta,bat,Awraham,1296-01-24,1296,5056,Schwat,"
      
      Dies ist Grabstätte der Frau
      
      Jutta, der Betagten, Tochter
      
      des Herrn Awraham, die verschieden ist
      
      (am) 18. im Schwat des Jahres 56 der Zählung.
      
      Ihre Seele sei in Eden, Amen und Amen Sela
      
      
     ",http://www.steinheim-institut.de:80/cgi-bin/epidat?id=mz1-2045,mz1-2045,3446289.973,5541226.789
46,…,bat,Schmuel,1300-01-20,1300,5060,Schwat,"
      
      Dies ist Grabstätte der Frau
      
      ..., der Betagten, Tochter des Herrn Schmuel,
      
      28. im Schwat, Tag 4, des Jahres
      
      60 des sechsten Jahrtausends. Ihre Seele sei eingebunden in das Bündel des Lebens,
      
      Amen und Amen Sela
      
      
     ",http://www.steinheim-institut.de:80/cgi-bin/epidat?id=mz1-2046,mz1-2046,3446264.807,5541207.883
47,Süße,bat,Jehuda Halevi,1300-02-13,1300,5060,Adar,"
      
      Dies ist Grabstätte der Frau
      
      Süße, Tochter des toragelehrten Herrn Jehuda
      
      Halevi, die verschieden ist (am) 22.
      
      im Adar, am Schabbattag, 60
      
      der Zählung des sechsten Jahrtausends
      
      
     ",http://www.steinheim-institut.de:80/cgi-bin/epidat?id=mz1-2047,mz1-2047,3446266.137,5541233.434
48,Gutlen,bat,Urschrago,1301-03-27,1301,5061,Nissan,"
      
      Dies ist
      
      die Grabstätte
      
      der Frau Gutlen,
      
      Tochter des Märtyrers, Herrn Urschrago,
      
      welche verschied (den) 17. im Nissan, Tag 2,
      
      im (Jahr) 61 des sechsten Jahrtausends. Ihr Ruhen (sei)
      
      in Eden, Amen und Amen Sela
      
      
     ",http://www.steinheim-institut.de:80/cgi-bin/epidat?id=mz1-2048,mz1-2048,3446280.794,5541217.339
49,Jehuda,ben,Simcha Hakohen,1310-03-25,1310,5070,Nissan,"
      
      Dies ist das Grab des Herrn
      
      Jehuda, Sohn des Herrn Simcha
      
      Hakohen, welcher verschied (am) 23.
      
      im Nissan, Tag 4, des Jahres
      
      70 der Zählung des sechsten Jahrtausends.
      
      Sein Ruhen (sei) in Eden, Amen und Amen Sela
      
      
     ",http://www.steinheim-institut.de:80/cgi-bin/epidat?id=mz1-2049,mz1-2049,3446282.985,5541220.084
50,Gutheil ,bat,Jaakow,1314-02-01,1314,5074,Schwat,"
      
      Ewiger
      
      Fels, empfange
      
      in Barmherzigkeit die Seele
      
      der Frau Gutheil, der Jungfrau,
      
      Tochter des toragelehrten Herrn Jaakow, welche verschied
      
      (den) 14. im Schwat, Tag 6, des Jahres
      
      74 der Zählung des sechsten
      
      Jahrtausends. Ihre Seele sei eingebunden in das Bündel des Lebens, Amen
      
      und Amen Sela
      
      
     ",http://www.steinheim-institut.de:80/cgi-bin/epidat?id=mz1-2050,mz1-2050,3446250.683,5541232.473
51,Jehuda,ben,Jizchak,1317-06-06,1317,5077,Sivan,"
      
      ...
      
      und aufrecht ... zu Häupten
      
      des Wohltäters, Herrn Jehuda, Sohn des Herrn
      
      Jizchak, der seine Seele vollendete
      
      #.:mit gutem Namen#.; am Tag 6,
      
      25. im Sivan des Jahres
      
      siebenundsiebzig
      
      der Zählung. Seine Seele ruhe im Garten Eden,
      
      Amen und Amen Sela
      
      
     ",http://www.steinheim-institut.de:80/cgi-bin/epidat?id=mz1-2051 ,mz1-2051,3446258.799,5541221.845
52,Ascher,ben, Awraham,1317-11-20,1317,5077,Kislev,"
      
      ... der toragelehrte Herr
      
      Ascher, Sohn des Lehrers
      
      Awraham, welcher verschied
      
      (den) 15. im Kislev, Tag 1,
      
      des Jahres 78
      
      der Zählung des sechsten Jahrtausends.
      
      Er ruhe im Garten Eden, Amen und Amen Sela
      
      
     ",http://www.steinheim-institut.de:80/cgi-bin/epidat?id=mz1-2052 ,mz1-2052,3446266.094,5541224.097
53,Zruja,bat,Jaakow,1309,1309,5069,Schabbat,"
      
      Dieser Stein (ist)
      
      Stele zu Häupten der Frau
      
      Zruja, der anmutsvollen, Tochter des Herrn
      
      Jaakow, welche verschied ...
      
      am Schabbat im (Jahr) siebzig ...
      
      ...
      
      
     ",http://www.steinheim-institut.de:80/cgi-bin/epidat?id=mz1-2053 ,mz1-2053,3446280.98,5541241.539
54,Pesselin,bat, Mosche,1320-03-28,1320,5080,Nissan,"
      
      #.:Dies ist das Grabmal#.; 
      
      der Frau Pesselin, der Frommen
      
      und Betagten, Tochter des Herrn Mosche,
      
      die verschieden ist (am) 18. im Nissan,
      
      Tag 6, des Jahres 80 der Zählung des sechsten
      
      Jahrtausends. Ihre Seele sei eingebunden in das Bündel des Lebens, Amen
      
      und Amen Sela
      
      
     ",http://www.steinheim-institut.de:80/cgi-bin/epidat?id=mz1-2054 ,mz1-2054,3446249.007,5541243.929
55,Meir,ben,Jizchak,1321-11-20,1321,5081,Marcheschvan,"
      
      Dieser Stein
      
      wurde errichtet zu Häupten
      
      ... des Vorsängers, liebenswürdig
      
      und liebenswert, Herr Meir, Sohn des Herrn
      
      Jizchak, welcher verschied am 28. im
      
      Marcheschvan, Tag 6, des Jahres
      
      82 des sechsten Jahrtausends.
      
      Sei seine Seele im Garten Eden,
      
      Amen und Amen Sela
      
      
     ",http://www.steinheim-institut.de:80/cgi-bin/epidat?id=mz1-2055 ,mz1-2055,3446279.397,5541224.59
56,Brune,bat,Josef,1322-02,1322,5082,Adar,"
      
      ...
      
      Frau Brune, Tochter des Herrn
      
      Josef, die verschieden ist
      
      im Adar, Tag 2, des Jahres
      
      82 der Zählung des sechsten Jahrtausends.
      
      Ihre Ruhestatt (sei) in Eden, Amen und Amen Sela
      
      
     ",http://www.steinheim-institut.de:80/cgi-bin/epidat?id=mz1-2056 ,mz1-2056,3446254.354,5541227.982
57,Sara,bat,Jechiel,1322-06-30,1322,5082,Tammus,"
      
      Dies ist Grabstätte
      
      der Frau Sara, der Jungfrau,
      
      Tochter des Herrn Jechiel, welche verschied
      
      am 14. im Tammus, Tag 4,
      
      des Jahres 82 der Zählung.
      
      Ruhe ihre Seele im Garten Eden,
      
      Amen Amen Amen Sela
      
      
     ",http://www.steinheim-institut.de:80/cgi-bin/epidat?id=mz1-2057 ,mz1-2057,3446265.422,5541219.551
58,Meir,ben,Awraham Hakohen,,,,,,http://www.steinheim-institut.de:80/cgi-bin/epidat?id=mz1-2203 ,mz1-2203,3446273.709,5541211.602
59,Jaakow,ben,Jakar,,,,,,http://www.steinheim-institut.de:80/cgi-bin/epidat?id=mz1-2204 ,mz1-2204,3446275.83,5541258.833
60,Jaakow,ben,Menachem,1084-06-21,1084,4844,Tammus,"
      
      Grab des Herrn Jaakow, Sohn des Herrn Menachem,
      
      ... im Jahr 844 der Zählung,
      
      ... 15. des Monats Tammus. Es ruhe
      
      seine Seele im Bündel des Lebens, Amen
      
      
     ",http://www.steinheim-institut.de:80/cgi-bin/epidat?id=mz1-2206 ,mz1-2206,3446260.859,5541199.712
61,Channa,bat,Joel Halevi,1089-03-17,1089,4849,Nissan,"
      
      ... Frau Channa,
      
      die gute, Tochter des Herrn Joel
      
      Halevi, Witwe unseres Meisters
      
      Elieser, verschieden am 3. im Nissan
      
      849 der Zählung. Es ruhe
      
      ihre Seele unter dem Baume des Lebens
      
      
     ",http://www.steinheim-institut.de:80/cgi-bin/epidat?id=mz1-2207 ,mz1-2207,3446275.819,5541215.008
62,Bona,bat,Gedalja,1119-05-18,1119,4879,Sivan,"
      
      #.:Das Steinmal#.; 
      
      wurde errichtet zu Häupten
      
      der Frau Bona,
      
      der Jungfrau, Tochter des Gedalja,
      
      welche verschied am Tag 6 im Sivan
      
      im (Jahr) 879 der Zählung.
      
      Ihre Ruhestatt sei im Eden-Garten
      
      
     ",http://www.steinheim-institut.de:80/cgi-bin/epidat?id=mz1-2208 ,mz1-2208,3446262.662,5541192.606
63,Channa,bat,Jehuda,1292-07-24,1292,5052,Zerstörung des Tempels in Jerusalem,"
      
      Dies ... zu Häupten der Frau Channa, die verschied
      
      mit 19 Jahren, und in Weisheit wie der des Greisenalters war sie gekrönt,
      
      Tochter unseres Meisters, Herrn Jehuda, #.:ein Leu in der Gemeinschaft#.; ,
      
      auch in wenigen Jahren war sie fast in allem gepriesen,
      
      sie ließ ihre Seele ausgehen für ihren Nächsten, und ihr Brot teilte sie reichlich aus,
      
      und Reisekost bereitete sie für den weiten Weg zur Hoffnung,
      
      am Tage der Zerstörung des Allerheiligsten im (Jahr) 52 der Zählung verschied sie
      
      und mit der Ruhe ihres Heimgangs ist sie über uns zur Sühnung (= und mit ihrem Sterben hat sie für uns gesühnt).
      
      Mit den Frauen im Zelte sei ihre Wohnstätte
      
      
     ",http://www.steinheim-institut.de:80/cgi-bin/epidat?id=mz1-2209 ,mz1-2209,,
64,Batschewa,bat,Mosche,1141-03-24,1141,4901,Nissan,"
      
      Dieses Zeichen zu Häupten der Frau
      
      Batschewa, die Herrin, Tochter unseres Meisters
      
      Mosche, die verschied am 14. im Nissan
      
      des Jahres 901 der Zählung. Es sei
      
      #.:ihre Ruhe Herrlichkeit#.;
      
      
     ",http://www.steinheim-institut.de:80/cgi-bin/epidat?id=mz1-2210 ,mz1-2210,3446266.517,5541191.019
65,Jizchak,ben,Mosche Hakohen,,,,,,http://www.steinheim-institut.de:80/cgi-bin/epidat?id=mz1-2303 ,mz1-2303,3446266.305,5541254.148
66,Simcha,bat,Schlomo,,,,,,http://www.steinheim-institut.de:80/cgi-bin/epidat?id=mz1-2304 ,mz1-2304,3446271.481,5541259.339
67,Sorlen,bat,Israel,1281-03,1281,5041,Nissan,"
      
      (Diese
      
      Stele wurde) errichtet
      
      zu Häupten der Frau Sorlen,
      
      Tochter des Israel, des Betagten,
      
      welche verschied im Nissan, 41
      
      der Zählung des sechsten Jahrtausends
      
      
     ",http://www.steinheim-institut.de:80/cgi-bin/epidat?id=mz1-2305 ,mz1-2305,3446261.406,5541240.697
68,Channa,bat,Jaakow,1262-01-13,1262,5022,Schwat,"
      
      Dieser Stein
      
      wurde errichtet
      
      zu Häupten der Frau
      
      Channa, Tochter des Herrn Jaakow,
      
      die verschieden ist (am) 21.
      
      im Schwat, des sechsten
      
      Jahrtausends, 22 der Zählung.
      
      Es sei ihre Ruhestatt
      
      im Garten Eden, Amen Amen
      
      Amen Sela
      
      
     ",http://www.steinheim-institut.de:80/cgi-bin/epidat?id=mz1-2307 ,mz1-2307,3446256.627,5541212.451
69,Meir,ben,Elasar,1201-02,1201,4961,Adar,"
      
      Dieses Zeichen ...
      
      (am) Grab des Meir, des Bräutigams,
      
      des Junggesellen, Sohn des Herrn Elasar,
      
      der verschieden ist im Adar
      
      ... 961 der Zählung.
      
      Seine Ruhe sei im Garten Eden
      
      
     ",http://www.steinheim-institut.de:80/cgi-bin/epidat?id=mz1-2308 ,mz1-2308,3446265.121,5541202.401
70,Jutta,bat,Jizchak,1231,1231,4991,Tischri,"
      
      Im Tischri
      
      im (Jahr) 992
      
      der Zählung wurde ausgehauen
      
      (und) errichtet zu Häupten
      
      der Frau Jutta, Tochter des Herrn
      
      Jizchak ...
      
      Ihre Ruhestatt (sei) im Garten
      
      Eden
      
      
     ",http://www.steinheim-institut.de:80/cgi-bin/epidat?id=mz1-2401 ,mz1-2401,3446277.087,5541205.204
71,Jehuda,ben,Meir,1169-06-03,1169,4929,Meir,"
      
      Dieser Stein
      
      wurde errichtet zu Häupten
      
      des Junggesellen, des Bräutigams, Herrn Jehuda,
      
      Sohn des Herrn Meir, der verschied am 7.
      
      im Sivan im (Jahr) 929
      
      der Zählung. Seine Ruhestatt
      
      sei im Eden-Garten
      
      
     ",http://www.steinheim-institut.de:80/cgi-bin/epidat?id=mz1-2502 ,mz1-2502,3446269.222,5541188.873
72,Sara,bat,David,1175,1175,4935,keine Angabe,"
      
      Dieser Stein wurde errichtet
      
      zu Häupten der Frau Sara, Tochter des Herrn
      
      David, die verschied im (Jahr) 936
      
      der Zählung. Ihre Ruhestatt sei im Garten Eden
      
      
     ",http://www.steinheim-institut.de:80/cgi-bin/epidat?id=mz1-2503 ,mz1-2503,3446259.897,5541191.811
73,Guta,bat,David Hakohen,1184-11-14,1184,4944,Kislev,"
      
      Dieser
      
      Stein wurde errichtet
      
      zu Häupten der Jungfrau,
      
      Frau Guta, Tochter des Herrn
      
      David Hakohen, die verschied 8.
      
      im Kislev im (Jahr) 945
      
      der Zählung. Ihre Ruhe (sei) Eden
      
      
     ",http://www.steinheim-institut.de:80/cgi-bin/epidat?id=mz1-2504 ,mz1-2504,3446249.313,5541199.622
74,Frau,,,1187,1187,4947,keine Angabe,"
      
      ...
      
      im (Jahr) 948 der Zählung.
      
      Ihre Ruhe (sei) im Garten Eden
      
      
     ",http://www.steinheim-institut.de:80/cgi-bin/epidat?id=mz1-2505 ,mz1-2505,3446277.942,5541216.819
75,Bella,bat,Eljakim Halevi,1195-02,1195,4955,Adar,"
      
      Grab der Frau
      
      Bella, Tochter des Herrn
      
      Eljakim Halevi,
      
      die verschied im Adar
      
      im (Jahr) 955 der Zählung.
      
      Ihre Ruhe (sei) Eden
      
      
     ",http://www.steinheim-institut.de:80/cgi-bin/epidat?id=mz1-2506 ,mz1-2506,3446268.8,5541232.117
76,...Josef,,,,,,Marcheschvan,"
      
      ...
      
      ..., der verschied
      
      [im Mar]cheschvan im (Jahr) 961
      
      der Zählung, und sein Sohn, Herr Josef ...,
      
      der Junggeselle, verschied im Tammus
      
      960 der Zählung. Ihre Ruhe (sei) Eden
      
      
      
      
     ",http://www.steinheim-institut.de:80/cgi-bin/epidat?id=mz1-2507 ,mz1-2507,3446282.663,5541225.757
77,Rachel,bat,Awraham,1210-11-19,1210,4970,,,http://www.steinheim-institut.de:80/cgi-bin/epidat?id=mz1-2509 ,mz1-2509,3446267.03,5541232.547
78,Bona,bat,Mosche,1211-06,1211,4971,,,http://www.steinheim-institut.de:80/cgi-bin/epidat?id=mz1-2510 ,mz1-2510,3446282.749,5541254.587
79,Pessach,ben,Urschrago,1215-05,1215,4975,,,http://www.steinheim-institut.de:80/cgi-bin/epidat?id=mz1-2511 ,mz1-2511,3446262.1,5541210.158
80,Mann,,,1216-11-26,1216,4976,Tammus,"
      
      Grab des Herrn
      
      Pessach, Sohn des Herrn
      
      Urschrago,
      
      der verschied im Tammus
      
      im (Jahr) 975 der Zählung.
      
      Seine Ruhe (sei) Eden
      
      
     ",http://www.steinheim-institut.de:80/cgi-bin/epidat?id=mz1-2512 ,mz1-2512,3446252.416,5541194.587
81,Mann,ben,Natan,1217,1217,4977,,,http://www.steinheim-institut.de:80/cgi-bin/epidat?id=mz1-2513 ,mz1-2513,3446253.657,5541193.281
82,Baruch,ben,Natan,1223-02,1223,4983,,,http://www.steinheim-institut.de:80/cgi-bin/epidat?id=mz1-2515 ,mz1-2515,3446249.335,5541216.518
83,Rachel,bat,Schlomo,1261,1261,5021,Elul,"
      
      Dieser
      
      Stein wurde errichtet
      
      zu Häupten der Frau Rachel,
      
      Tochter des Herrn Schlomo, der Jungfrau,
      
      welche verschieden ist im Monat Elul
      
      im Jahr 21 der Zählung
      
      des sechsten Jahrtausends.
      
      Ihre Seele sei eingebunden in das Bündel des Lebens, Amen Amen Amen Sela
      
      
     ",http://www.steinheim-institut.de:80/cgi-bin/epidat?id=mz1-2517 ,mz1-2517,3446263.839,5541190.548
84,Rachel,bat,Jehuda,1268-01,1268,5028,Schwat,"
      
      #.:Zeuge dieser Hügel
      
      und Zeugin diese Stele#.; ,
      
      errichtet zu Häupten der Frau
      
      Rachel, Tochter des Herrn Jehuda, die verschied
      
      im Monat Schwat, 28
      
      des sechsten Jahrtausends.
      
      Ihre Ruhestatt (sei) im Garten Eden,
      
      Amen Amen Amen Sela
      
      
     ",http://www.steinheim-institut.de:80/cgi-bin/epidat?id=mz1-2518 ,mz1-2518,3446249.237,5541201.918
85,Riwka,bat,Menachem,1273-03,1273,5033,,,http://www.steinheim-institut.de:80/cgi-bin/epidat?id=mz1-2519 ,mz1-2519,3446251.636,5541210.304
86,-,,,,,,,,http://www.steinheim-institut.de:80/cgi-bin/epidat?id=mz1-2520 ,mz1-2520,3446279.981,5541240.775
87,Mann,ben,Mosche,1298,1298,5028,,,http://www.steinheim-institut.de:80/cgi-bin/epidat?id=mz1-2521 ,mz1-2521,3446286.691,5541226.028
88,Mirjam,bat,Schmuel,1304,1304,5064,,,http://www.steinheim-institut.de:80/cgi-bin/epidat?id=mz1-2522 ,mz1-2522,3446250.75,5541238.666
89,Channa,bat,Mordechai,1307-05-10,1307,5067,Iyar,,http://www.steinheim-institut.de:80/cgi-bin/epidat?id=mz1-2523 ,mz1-2523,3446257.022,5541249.503
90,Schmuel,,,1322-09,122,5082,,,http://www.steinheim-institut.de:80/cgi-bin/epidat?id=mz1-2525 ,mz1-2525,3446269.89,5541245.894
91,Jizchak,ben,Reuwen,1263-10-19,1263,5023,Marcheschan,,http://www.steinheim-institut.de:80/cgi-bin/epidat?id=mz1-2529 ,mz1-2529,3446274.627,5541259.416
92,Gutlin,bat,Schmuel,1290-12-25,1290,5050,Tebet,,http://www.steinheim-institut.de:80/cgi-bin/epidat?id=mz1-2530 ,mz1-2530,3446249.71,5541237.271
93,Zippora,bat,Owadja,-,,,,,http://www.steinheim-institut.de:80/cgi-bin/epidat?id=mz1-2539 ,mz1-2539,3446286.874,5541251.311
94,Mosche,ben,Mordechai,1252,1252,5012,,,http://www.steinheim-institut.de:80/cgi-bin/epidat?id=mz1-2567 ,mz1-2567,3446257.868,5541223.232
95,Zeruja,bat,Joel,1167,1167,4927,Im Jahr 92 – 8 der Zählung ,"
      
      Zeichen zu Häupten der Frau
      
      Zeruja, Tochter des Herrn Joel,
      
      die Jungfrau und die Angesehene,
      
      die verschied im (Jahr) 92-
      
      8 der Zählung. Ihre Ruhestatt
      
      sei im Eden-Garten
      
      
     ",http://www.steinheim-institut.de:80/cgi-bin/epidat?id=mz1-2577 ,mz1-2577,3446252.121,5541193.369
96,Elieser,ben,Schmuel,1302-09-26,1302,5062,Elul,,http://www.steinheim-institut.de:80/cgi-bin/epidat?id=mz1-2581 ,mz1-2581,3446247.568,5541231.114
97,Jizchak,ben,,1345-04-24,1345,5105,Iyar,"<z>Dieser Stein,
welchen ich setzte</z><zit>Gen 28,22</zit> zu Häupten
des Herrn Jizchak, Sohn des Herrn ...,
der verschieden ist am 21. im Ijar,
Tag 1, des Jahres 105
der Zählung des sechsten
Jahrtausends ...,
Amen Sela
",,mz1-2071,3446249.958,5541197.806
98,Elieser,ben,Kutiel,1420-10-18,1420,5171,Marcheschan,"Hier ist verborgen
und geborgen Herr Elieser,
Sohn des Herrn Kutiel, verschieden
und begraben am Tag 4, 10.
Marcheschvan 181
der Zählung. Seine Seele sei eingebunden in das Bündel des Lebens, Amen",,mz1-2093,3446249.734,5541204.058
99,Gnenna,bat,Jechiel,-,,,,"<z>Dieser Stein,
den ich als Stele gesetzt habe</z><zit>Gen 28,22</zit>
zu Häupten der Frau Gnenna,
Tochter des Herrn Jechiel, welche verschied
...
",,mz1-2102,3446249.734,5541205.777
100,Rachel,bat,Josef,1347-04-15,1347,5107,Nisan,"Dies ist Grabstätte der Frau
Rachel, Tochter des Herrn Josef,
welche verschied 4. im Ijar, Tag 2,
des Jahres 107 der Zählung
des sechsten Jahrtausends. Ihre Ruhestätte (sei) im Garten Eden,
Amen und Amen Sela",,mz1-2528,3446247.376,5541221.15
101,Schimschon,ben,Menachem Halevi,1384-09-30,1384,5145,Tischri,"<z>Dies ist das Grabmal</z> <zit>Gen 35,20</zit>
des Märtyrers, Herrn Schimschon, Sohn des Herrn
Menachem Halevi, welcher ermordet wurde
am Vorabend des Laubhüttenfestes 145
der Zählung und begraben wurde am Tag
zwei des Festes; der Ewige räche sein Blut.
Seine Seele sei eingebunden in das Bündel des Lebens, Amen Amen
Amen Sela
",,mz1-2084,3446247.365,5541223.671
102,-,-,-,1328/1329,,,,"...
im Jahr 89 der Zählung
des sechsten Jahrtausends. Seine/ihre Ruhe sei im Garten Eden,
Amen und Amen Sela",,mz1-2541,3446251.577,5541195.711
103,-,-,-,-,-,-,,"...
...
Tag ...
der Zählung des sechsten
Jahrtausends. Ihre Ruhestatt
(sei) im Garten Eden, Amen
und Amen Sela",,mz1-2574,3446256.415,5541194.787
104,Jechiel,ben,Mosche Halevi,1380-10-14,1380,5141,Marcheschan,"Hier ist geborgen und verwahrt
unser Herr, unser Lehrer und unser Meister, Jechiel,
Sohn des Meisters, Herrn Mosche
Halevi, welcher <z>hinging in seine Welt</z><zit>Koh 12,5</zit>
(am) 14. Marcheschvan,
Tag 1, 141. Er ruhe im Garten Eden
",,mz1-2201,3446257.213,5541193.086
105,-,-,-,-,-,,,"<z>Zeuge dieser Hügel und Zeugin diese Stele</z> <zit>Gen 31,52 </zit>
welche errichtet wurde zu Häupten
...
...
... und begraben
...
im sechsten Jahrtausend.
Ihre Seele sei eingebunden im Garten Eden",,mz1-2540,3446265.187,5541195.953
106,Mosche,ben,Eliakim,1420-03-27,1420,5180,Nisan,"Dieser
Stein zu Häupten
des liebenswerten
und angenehmen Junggesellen, den Ewigen ehrfürchtend?, der Herr Mosche,
Sohn des Herrn Eliakim, der verschieden ist
und begraben wurde am Tag 4, 12. Nissan
des Jahres 180 der Zählung
des sechsten (Jahrtausends). Seine Seele sei eingebunden in das Bündel des Lebens Kommentar: möglicher Fehler: Zeilenumbruch in Edition (10) und Übersetzung (8) ungleich:",,mz1-2092,3446261.498,5541196.96
107,…,bat,Schmuel Halevi ,1344-07-28,1344,5104,Ab,"...
der Junggesellin, Tochter des Herrn
Schmuel Halevi, welche verschied (am)
17. im Aw, Tag 4, des Jahres 104
des sechsten Jahrtausends. Ihre Ruhestatt (sei) im Garten Eden, Amen
",,mz1-2068,3446264.785,5541198.616
108,Simcha,bat,Chajim Hakohen,1338-07-14,1338,5098,Tammuz,"...
... Frau Simcha,
... Chajim Hakohen,
die Französin, verschieden
Tag 3, Wochenabschnitt ""Masa'ei"", am 26.
im Tammus des Jahres 98
des sechsten Jahrtausends. Ihre Ruhestatt
(sei) in Eden, Amen und Amen Sela Kommentar: möglicher Fehler: Zeilenumbruch in Edition (10) und Übersetzung (8) ungleich:",,mz1-2063,3446266.225,5541205.532
109,Jissche,bat,Uri,1380-02-01,1380,5140,Schebat,"Stele des Seew Halevi aus <ort>Rothenburg</ort>
Stele über der Grabstätte seiner Gattin,
Frau Jissche, Tochter des Herrn Uri, und <z>mit gutem
Namen</z> <zit>bBer 17a</zit> verschied die Betagte, Würdige,
Reine, (am) 24. im Schwat 140 der Zählung
im sechsten Jahrtausend. Und ihre Seele sei
eingebunden in das Bündel des Lebens mit
den übrigen gerechten Frauen im Garten Eden,
Amen Sela",,mz1-2082,3446267.921,5541209.604
110,Schlomo,ben,josef,1407-07-07,1400,5160,Tammuz,"Hier ist verborgen
und geborgen der Ehrwürdige, der Würdige,
Herr Schlomo, Sohn des toragelehrten Herrn
Josef, begraben am 2. Tag
im Aw des Jahres
167",,mz1-2538,3446265.899,5541211.191
111,Schimon,ben,Jizchak,,,,,"Dies ist das Grab unseres Meisters,
Herrn Schimon, Sohn des Jizchak.
Seine Seele (sei) zum ewigen Leben
",,mz1-2571,3446263.055,5541207.52
112,Gutlen,bat,Awraham,1404-03-06,1404,5164,Adar,"Diese ...
wurde errichtet zu Häupten
der Frau Gutlen, Tochter des Herrn
Awraham, die verschieden ist
am 23. im Adar des Jahres
164 des sechsten Jahrtausends
...
",,mz1-2085,3446260.24,5541205.546
113,Schmuel,ben,Josef,1372-09-14,1372,5133,Tischri,"Dieser Stein
wurde errichtet zu Häupten des Herrn
Schmuel, Sohn des Josef,
welcher verschied am Laubhüttenfest,
Tag 3, des Jahres 133 der Zählung.
Seine Seele sei eingebunden in das Bündel des Lebens, Amen Sela
Kommentar: möglicher Fehler: Zeilenumbruch in Edition (8) und Übersetzung (6) ungleich:",,mz1-2078,3446259.501,5541208.162
114,Gerschom,ben,Jehuda,-,-,,,"Felsstein,
ausgehauen zum Andenken
an Herrn Gerschom, Sohn des Herrn J[ehuda],
Leuchte der Diaspora,
...
",,mz1-2300,3446258.546,5541211.645
115,-,bat,Urschraga hakohen,1385,1385,,,"...
..., Tochter des
(U)rschraga? Hakohen,
welche hinging zum Himmel? am 23.?
Marcheschvan 14x.
",,mz1-2537,3446257.02,5541214.779
117,Chajim,ben,Schemarja Halevi,1379-11-21,1379,5140,Kislev,"<z>Ewiger Hort</z><zit>Jes 26,4</zit>, empfange in Barmherzigkeit
die Seele des liebenswürdigen Herrn Chajim,
Sohn des Herrn Schemarja Halevi, der verschieden ist
<z>mit gutem Namen</z> <zit>bBer 17a</zit> ...
... am Schabbat, 11. Kislev des Jahres
140 des sechsten Jahrtausends. Es sei
seine Seele eingebunden in das Bündel
des Lebens, Amen Amen Amen Sela
",,mz1-2081,3446252.687,5541224.156
118,Schöne,bat,Schlomo,1377-05-30,1377,5137,Siwan,"<z>Dieser Stein, welchen
ich setzte als Stele</z><zit>Gen 28,22</zit> zu Häupten
Frau Schöne, Tochter des Wohltäters, Herrn
Schlomo ..., welche verschied
am Tag ...
und begraben wurde am Tag 6, 21.
Sivan 137 der Zählung. Ihre Seele sei eingebunden in das Bündel des Lebens,
Amen Sela",,mz1-2080,3446264.381,5541215.526
119,Jizchak,ben,Aharon,1330-04-12,1330,5090,Nisan,"Hier ist begraben
Herr Jizchak, der Betagte,
Sohn des Herrn Aharon, welcher verschied
am 22. im Nissan, Tag 5,
im Jahr ""König"" (90) der Zählung
des sechsten Jahrtausends, und dies
ist <z>das Steinmal</z> <zit>Gen 35,14</zit> seiner Ruhestatt
im Garten Eden, Amen
und Amen Sela
",,mz1-2059,3446263.242,5541221.906
120,Bonne,bat,Schmuel Hakohen,1345-11,1345,,,"Dies ist die Grabstätte
der Frau Bonne, Tochter des Herrn
Schmuel Hakohen, welche verschied
im Tewet des Jahres 105 des sechsten
Jahrtausends. Seine Ruhestatt (sei) Eden, Amen und Amen Sela
",,mz1-2073,3446265.23,5541221.75
121,-,-,-,-,-,,,"...
der Zählung. ...
Seine Seele sei im Garten Eden
",,mz1-2561,3446258.923,5541234.099
122,-,-,-,-,-,,,"... des sechsten
Jahrtausends. Seine Ruhe
sei im Garten Eden, Amen und Amen
Selah
",,mz1-2556,3446261.578,5541240.144
123,-,ben,Josef,1344-02,1344,,,"...
... (Sohn/Tocher) des Herrn Josef, der/die verschied
... 1. im Adar, Tag 4,
des Jahres 104 des sechsten Jahrtausends.
(Seine/ihre Ruhe sei) Eden, Amen und Amen Sela
",,mz1-2527,3446261.341,5541241.666
124,-,-,-,-,-,,,"...
...
",,mz1-2546,3446261.834,5541241.722
125,Jehuda,ben,Levi Hakohen,-,-,,,"Grab des Herrn Jehuda,
des liebenswürdigen, Sohn des Herrn Levi
Hakohen, der verschied (am) 19.
Tewet, Tag 5, des Jahres
.. der Zählung des sechsten Jahrtausends
",,mz1-2096,3446265.425,5541235.549
126,Sara,bat,Schimschon,1365-08-06,1365,5125,Ab,"<z>Und es starb Sara</z> <zit>Gen 23,2</zit>, Tochter des Rabbiners,
Herrn Schimschon, (am) 17. Aw, am Tag 4,
des Jahres 125 der Zählung im sechsten
Jahrtausend. Und es sei ihre Seele
eingebunden in das Bündel des Lebens
…",,mz1-2076,3446260.505,5541227.892
127,-,-,-,1330/1331,,,,... ,,mz1-2533,3446267.932,5541229.37
128,Merlin,bat,Jaakow,1419-12-14,1419,5180,Kislev,"<z>Ewiger Hort</z><zit>Jes 26,4</zit>, empfange
in Barmherzigkeit das Mädchen
Merlin, Tochter des Herrn Jaakow,
verschieden und begraben Tag 5,
des Jahres 181 der Zählung. Ihre Seele sei eingebunden in das Bündel des Lebens,
Amen Amen Amen Sela
26. Kislev",,mz1-2091,3446270.412,5541230.902
129,-,-,-,1331/1332,,,,"...
des Jahres 92 der Zählung
des sechsten Jahrtausends. Seine Ruhe
sei im Garten Eden, Amen
und Amen Sela
",,mz1-2535,3446272.362,5541230.067
130,Channa,bat,Elasar,1341-02-27,1341,5101,Adar,"<z>...
setzte ich als Stele</z><zit>Gen 28,22</zit> zu Häupten
der Frau Channa, Tochter des Herrn
Elasar, welche verschied 9. im Adar,
Tag 3, des Jahres 101 des sechsten
Jahrtausends. Ihre Seele sei eingebunden in das Bündel des Lebens, Amen
und Amen Sela",,mz1-2067,3446276.014,5541225.273
131,Jizchak,ben,David,1408-04-09,1408,5168,Nisan,"Hier ist geborgen
der Hochbetagte, der Meister, Herr Jizchak,
Sohn des Herrn David, und er wurde begraben am Tag
2, 12. Nissan des Jahres
168 der Zählung des sechsten
Jahrtausends. Seine Seele sei eingebunden in das Bündel des Lebens
…",,mz1-2086,3446278.856,5541228.472
132,Chana,bat,Josef,1382-10-26,1382,5143,Mareschan,"Hier ist geborgen
das junge Mädchen Channa, Tochter des
toragelehrten Herr Josef, welche verschied
(am) Tag 1, 18. Marcheschvan
des Jahres 143 der Zählung im sechsten
Jahrtausends. Ihre Seele sei eingebunden in das Bündel des Lebens,
Amen Sela",,mz1-2083,3446279.777,5541227.55
133,Jizchak,ben,Jaakow,-,-,,,"Dieser Stein wurde errichtet
zu Häupten des Herrn Jizchak,
des Junggesellen, Sohn des toragelehrten Herrn Jaakow,
des Vorsängers, der verschieden ist
im Tewet, am 8. desselben
...
",,mz1-2097,3446286.557,5541223.414
134,Schoschana,bat,Elieser,1338-10-18,1338,5099,Tischri,"Hier ist begraben Frau
Schoschana, (die) Würdige, Tochter des Herrn
Elieser, welche verschied
4. im Marcheschvan, am Tag 1,
im Jahr 99 der Zählung des sechsten
Jahrtausends. Ihre Ruhestatt (sei) im Garten Eden
Kommentar: möglicher Fehler: Zeilenumbruch in Edition (8) und Übersetzung (6) ungleich: ",,mz1-2064,3446282.876,5541222.596
135,Kuze,bat,Awraham,1345-01-12,1345,5105,Tebet,"Dies ist die
Grabstätte der Frau
Kuze, Tochter des Herrn
Awraham, welche verschied
8. im Schwat des Jahres
105 der Zählung des sechsten Jahrtausends.
Ihre Ruhestatt (sei) im Garten Eden,
Amen und Amen Sela
",,mz1-2069,3446281.807,5541220.107
136,-,-,-,1340-12-15,1340,5101,Kislev,"...
welche/r verschied am 24. Kislev,
Tag 6, des Jahres 101 der Zählung
des sechsten Jahrtausends. Seine/ihre Ruhe sei im Garten Eden,
Amen und Amen Sela",,mz1-2542,3446281.527,5541218.251
137,Sara,bat,Natan,1330-03-26,1330,5090,We-Adar,"Dies ist das Grab von
Sara, Tochter des toragelehrten Herrn Natan,
die verschied am 5. im Nissan, Tag
2, des Jahres 90 des sechsten
Jahrtausends. Es ruhe seine(!) Seele im Garten
Eden, Amen und Amen Sela",,mz1-2582,3446246.628,5541233.813
138,Simcha,bat,Awraham,1347-03-13,1347,5107,Adar,"Dies ist Grabstätte
der Frau Simcha, Tochter des Herrn
Awraham, welche verschied
an Neumond Nissan des Jahres
107 des sechsten Jahrtausends. Ihre Ruhestatt sei im Garten
Eden, Amen Amen Amen Sela Kommentar: möglicher Fehler: Zeilenumbruch in Edition (8) und Übersetzung (6) ungleich:
",,mz1-2074,3446282.588,5541216.128
139,-,-,-,-,-,,,"...
...
Seine/ihre Seele sei eingebunden in das Bündel des Lebens, Amen
Amen Sela Sela Sela",,mz1-2573,3446282.029,5541215.015
140,Schalom,bat,Mosche,1345-04-18,1345,5105,Iyar,"...
Schalom, die Erlesene, Tochter des Herrn
Mosche, welche verschied 15.
im Ijar, Tag 2, des Jahres 105
des sechsten Jahrtausends. Ihre Ruhestatt (sei) in Eden, Amen",,mz1-2070,3446258.131,5541192.071
141,,,,,,,,,,120 in Liste fehlt,3446270.612,5541211.644
142,Simcha,ben,Jizchak,1418-12-06,1418,5179,Kislev,"...
...
... der Knabe, kundig
in der Tora, Herr Simcha, Sohn des Herrn
Jizchak, welcher verschied und begraben wurde
am Tag 3, 7. Tewet 179
der Zählung. Seine Seele sei eingebunden in das Bündel des Lebens,
Amen Amen Amen Sela",,mz1-2090,3446264.829,5541247.479
143,Jizchak,ben,Schlomo,-,-,,,"Dieses Grabzeichen
wurde errichtet zu Häupten des Stattlichen,
des Wohltäters, Herrn Jizchak,
Sohn des Herrn Schlomo, welcher verschied
(am) 22. im Sivan ...
... des sechsten
Jahrtausends. Es sei seine Seele eingebunden
im Garten Eden",,mz1-2099,3446280.012,5541241.441
144,-,-,-,-,-,,,"... Frau Rechel, ..
..., welche verschied ...
..., Tag 5, des Jahres
.. des sechsten Jahrtausends. Sie ruhe
(in) Eden, Amen und Amen
Sela
",,mz1-2568,3446280.303,5541238.751
145,-,ben,Mosche,-,-,,,"Dieses Zeichen
errichtet zu Häupten
Herrn ... Mosche
...
...
...
... seine Ruhe
...
",,mz1-2569,3446281.079,5541238.395
146,-,-,-,-,-,,,"...
... zu Häupten
... der Frau
..., Tochter des Herrn
... Es ruhe ihre Seele im Garten Eden
...
",,mz1-2570,3446281.879,5541237.896
147,M…,bat,Mosche,1331-07-12,1331,5091,Tammuz,"Dies ist
die Grabstätte der Frau M...,
der Würdigen, Tochter des Herrn Mosche,
welche verschied 7. im Aw, Tag 6,
des Jahres 91 der Zählung des sechsten
Jahrtausends ...
",,mz1-2060,3446283.525,5541237.394
148,Channa,bat,Josef,-,-,,,"...
zu Häupten der Erlesenen ...,
Frau Channa ...
Tochter des Herrn Josef ...
die verschied ...
...
",,mz1-2516,3446288.732,5541236.29
149,Sprinze,bat,Schmuel Hakohen,1369-12,1369,,,"<z>Dies ist das Grab-
mal</z> <zit>Gen 35,14</zit> der Frau
Sprinze, Tochter des Herrn
Schmuel Hakohen,
die verschieden ist am 8.
Tewet 130 der Zählung,
Tag 1. Ihre Seele sei eingebunden in das Bündel des Lebens, Amen
",,mz1-2077,3446268.764,5541247.358
150,Natan,ben,Mordechai,1400-02-06,1400,5160,Adar,"<z>Diesen Stein setzte ich</z><zit>Gen 28,22</zit>
zu Häupten des Freigebigen, Herrn Natan, Sohn des
Mordechai, sein Andenken zum Segen, <z>der in seine
Welt hinging</z> <zit>Koh 12,5</zit> (am) 10. des ersten
Adar, 160 der Zählung
des sechsten Jahrtausends",,mz1-2309,3446257.562,5541245.655
151,Sara,bat,Awraham,1421-04-27,1421,5181,Iyar,"<z>Ewiger Hort</z><zit>Jes 26,4</zit>,
empfange in Barmherzigkeit die Seele
der Frau Sara, Tochter des Herrn Awraham,
die verschieden ist (am) Tag 1, 25.
Ijar, und begraben wurde am Tag 2, desselben
des Jahres 181 der Zählung des sechsten
Jahrtausends. Ihre Seele sei eingebunden in das Bündel des Lebens, Amen Sela",,mz1-2094,3446274.523,5541244.131
152,Meschullam,ben,Kalonymos,-,-,,,"Hier ist begraben
unser Meister Meschullam,
Sohn unseres Meisters, Herrn
Kalonymos
Seine Seele sei eingebunden in das Bündel des Lebens
",,mz1-2200,3446278.361,5541257.358
153,-,-,-,-,-,,,"...
...
...
...
... Adar ...
...
mit den gerechten Männern …",,mz1-2544,3446255.426,5541244.596
154,Tölze,bat,Mosche,-,-,,,"...
... Frau Tölze,
Tochter des Herrn Mosche, die verschieden ist
im Sivan, Tag 2, des Jahres
.. im sechsten Jahrtausend
",,mz1-2095,3446258.956,5541234.55
155,Jizchak,ben,Schneur,-,-,,,"Dies ist das Grab
des Herrn Jizchak, Sohn des Herrn
Schneur, der verschied
im Tewet, Tag 2
... der Zählung
",,mz1-2101,3446266.695,5541247.284
156,Meir,ben,Jizchak,1375-12-02,1375,5136,Tebet,"Dieses (ist) das Zeichen zu Häupten des Liebenswürdigen,
des toragelehrten Herrn Meir, Sohn des Herrn Jizchak
aus? ..., der verschieden ist in der Nacht
des Schabbats, 8. Tewet des Jahres 136
des sechsten Jahrtausends, und wurde begraben
am Tag 1. Es sei seine Seele
eingebunden in das Bündel des Lebens,
Amen Amen Amen Sela
Kommentar: möglicher Fehler: Zeilenumbruch in Edition (10) und Übersetzung (8) ungleich:",,mz1-2079,3446268.016,5541192.456
157,Gutlen,bat,Schmuel,1328/1329,1328,,,"...
...
Frau Gutlen,
die Erlesene, Tochter des Herrn
Schmuel ...
...
",,mz1-2526,3446268.395,5541213.887
158,Jutta,bat,Baruch Halevi,1340-03,1340,,,"Dies ist Grabstätte
der Frau Jutta, Tochter des Herrn
Baruch Halevi, welche verschied
.. im Adar, Tag 2,
des Jahres 100 der Zählung des sechsten
Jahrtausends. Ihre Ruhestatt (sei) im Garten Eden,
Amen Sela

",,mz1-2066,3446253.979,5541244.497
159,Jaakow,ben,Mosche,1338-12-17,1338,5099,Kislev,"Dies ist das Grab des Herrn Jaakow,
des Junggesellen, Sohn des Herrn Mosche,
welcher verschied 5. im Tewet, Tag 5,
des Jahres 99 der Zählung
des sechsten Jahrtausends. Er ruhe in Eden,
Amen und Amen Sela

",,mz1-2065,3446255.859,5541225.118
160,Schmuel,ben,Jakar Halevi,1345-09-23,1345,5106,Tischri,"Dieses Zeichen
wurde errichtet zu Häupten
des Herrn Schmuel, Sohn des Rabbiners,
Herrn Jakar Halevi, welcher verschied (am) 26.
im Tischri, Tag 2, des Jahres 106
der Zählung des sechsten Jahrtausends. Er ruhe in Eden,
Amen Sela
Kommentar: möglicher Fehler: Zeilenumbruch in Edition (9) und Übersetzung (7) ungleich:",,mz1-2072,3446261.25,5541217.198
161,Josef,ben,Nechemia,1418-10-13,1418,5179,Marcheschan,"Hier ist verborgen und geborgen
<z>ein lauterer Mann, wohnend
in Zelten</z><zit>Gen 25,27</zit>, der toragelehrte Herr Josef,
Sohn des Herrn Nechemja, der verschieden ist am Tag 5
und begraben wurde (am) 13. Marcheschvan
des Jahres 179 der Zählung.
Seine Seele sei eingebunden in das Bündel des Lebens, Amen Sela
Kommentar: möglicher Fehler: Zeilenumbruch in Edition (9) und Übersetzung (7) ungleich:",,mz1-2089,3446262.513,5541213.544
162,,,,,,,,,,212 in Liste fehlt,3446265.495,5541234.154
163,Peier,bat,Elieser,-,-,,,"Als Krone des Ruhmes
setzte ich zu ihren Häupten ein <z>Steinmal</z> <zit>Gen 35,14 </zit>,
<z>doch heilige Nachkommenschaft sei ihr bleibendes Denkmal</z><zit>Jes 6,13</zit>,
die Witwe und die Betagte, Frau
Peier, Tochter des Märtyrers, Herrn
Elieser, deren Taten
schön und herrlich waren wie Myrrhe
und wie der Schmuck der Priestertiaren, und sie starb
und wurde begraben ...

",,mz1-2104,3446284.731,5541219.822
164,Jutta,bat,Awraham,1330-04-11,1330,5090,Nisan,"Diese ...
wurde errichtet zu Häupten
der Frau Gutlen, Tochter des Herrn
Awraham, die verschieden ist
am 23. im Adar des Jahres
164 des sechsten Jahrtausends
…
",,mz1-2058,3446256.861,5541217.195
165,Olka,bat,Jizchak,1414-03-17,1414,5174,We-Adar,"Verborgen und geborgen (ist) hier
die würdige und geehrte Frau, die Rabbinersgattin,
Frau Olka, Tochter des Herrn Jizchak,
verschieden am Ausgang der Ruhe
und begraben am Tag 1, 26. Ve-Adar
im Jahr 174. Ihre Seele sei eingebunden in das Bündel des Lebens
Kommentar: möglicher Fehler: Zeilenumbruch in Edition (8) und Übersetzung (6) ungleich:",,mz1-2087,3446287.635,5541227.537
166,,,,,,,,,,222 in Liste fehlt,3446253.454,5541206.827
167,Jaakow,ben,Jizchak,1418-07-07,1418,5178,Tammuz,"<z>Zeuge
sei dieser Hügel und Zeugin diese Stele</z> <zit>Gen 31,52</zit>
zu Häupten eines Gerechten und Frommen,
des toragelehrten Herrn Jaakow, Sohn des Herrn Jizchak,
welcher verschied am Tag 6 und begraben wurde am Tag 1,
5. des Monats Aw des Jahres
178 im sechsten Jahrtausend
...
",,mz1-2088,3446272.649,5541187.821
168,,,,,,,,,,224 in Liste fehlt,3446251.713,5541193.729
169,-,ben,Jehuda,-,-,,,"...
...
zu Häupten ...
Jehuda, welche/r [verschied ...]
im Aw, Tag ...
Er/sie ruhe im Garten Eden, Amen ...
...
",,mz1-2557,3446258.814,5541233.714
170,Meiten,bat,Jizchak,-,-,,,"<z>Zeugin ist diese Stele</z> <zit>Gen 31,52</zit>
zu Häupten der
Frau Meiten, Tochter des Märtyrers,
Herrn Jizchak, die verschieden ist (am) 17.
im Tewet, Tag 4, des Jahres
.. der Zählung des sechsten
Jahrtausends. Ihre Seele sei eingebunden in das Bündel des Lebens, Amen
und Amen Sela

",,mz1-2061,3446279.496,5541241.058
171,-,-,-,-,-,,,,,mz1-2565,3446283.269,5541237.264
